FCLTY_NM,RDNMADR_NM,CTPRVN_CD,SIGNGU_CD,FCLTY_LO,FCLTY_LA,AREA_NM,REPRSNT_MENU_NM,MENU_PRC,BASE_DE,lat,lon,price
동승춘,강원도 삼척시 대학로 12,42,42230,129.163506,37.44220264,강원,짜장면,4500.0,20241231,37.44220264,129.163506,4500.0
함흥막국수,강원도 속초시 중앙로54번길 3,42,42210,128.5824148,38.20042056,강원,함흥회냉면,8000.0,20241231,38.20042056,128.5824148,8000.0
함흥냉면옥,강원도 속초시 청초호반로 299,42,42210,128.5898688,38.20199299,강원,함흥냉면,8000.0,20241231,38.20199299,128.5898688,8000.0
진미통닭,강원도 원주시 우산로 66,42,42130,127.9369795,37.36947384,강원,후라이드치킨,16000.0,20241231,37.36947384,127.9369795,16000.0
시골집,강원도 원주시 중평길 10-1,42,42130,127.9502462,37.34917691,강원,양구이,32000.0,20241231,37.34917691,127.9502462,32000.0
원주복추어탕,강원도 원주시 치악로 1748,42,42130,127.9564123,37.33856086,강원,한우 추어탕(통),12000.0,20241231,37.33856086,127.9564123,12000.0
미락정갈비,강원도 정선군 정선읍 녹송1길 18,42,42770,128.6719784,37.38198063,강원,미락정 정식,10000.0,20241231,37.38198063,128.6719784,10000.0
철원막국수,강원도 철원군 갈말읍 명성로158번길 13,42,42780,127.3087328,38.1461613,강원,물막국수,7000.0,20241231,38.1461613,127.3087328,7000.0
명가춘천막국수,강원도 춘천시 당간지주길 76,42,42110,127.7238715,37.89224079,강원,순메밀막국수,7000.0,20241231,37.89224079,127.7238715,7000.0
도지골등나무집,강원도 춘천시 상천3길 2,42,42110,127.7927658,37.93285994,강원,잡어매운탕,40000.0,20241231,37.93285994,127.7927658,40000.0
보문각,강원도 춘천시 약사고개길42번길 3,42,42110,127.7263008,37.87468438,강원,짜장면,5000.0,20241231,37.87468438,127.7263008,5000.0
조선옥갈비,강원도 태백시 시장북2길 5-1,42,42190,128.9919355,37.17351571,강원,생 갈비 1인분(2대),30000.0,20241231,37.17351571,128.9919355,30000.0
남한산성은행나무집,경기도 광주광역시시 남한산성면 남한산성로 772,41,41610,127.1847846,37.47816571,경기,한방백숙,50000.0,20241231,37.47816571,127.1847846,50000.0
미락복집,경기도 성남시 분당구 구미로9번길 25 108호,41,41130,127.1099401,37.34038016,경기,참복매운탕,25000.0,20241231,37.34038016,127.1099401,25000.0
옻닭집,경기도 수원시 권선구 정조로 423,41,41110,127.0132769,37.24719571,경기,옻닭,13000.0,20241231,37.24719571,127.0132769,13000.0
민물추어탕,경기도 수원시 영통구 중부대로 286,41,41110,127.0468224,37.27350087,경기,추어탕,10000.0,20241231,37.27350087,127.0468224,10000.0
대원옥,경기도 수원시 팔달구 정조로800번길 6-3,41,41110,127.0172952,37.27933785,경기,전통평양냉면,10000.0,20241231,37.27933785,127.0172952,10000.0
장안면옥,경기도 안성시 중앙로371번길 54,41,41550,127.2694862,37.00992999,경기,평양냉면,8000.0,20241231,37.00992999,127.2694862,8000.0
안일옥본점,경기도 안성시 중앙로411번길 20,41,41550,127.2728959,37.00767512,경기,설렁탕,8000.0,20241231,37.00767512,127.2728959,8000.0
봉암식당,경기도 안양시 만안구 예술공원로245번길 15,41,41170,126.9324833,37.41920143,경기,토종닭볶음탕,49000.0,20241231,37.41920143,126.9324833,49000.0
덕화원,경기도 양주시 덕정길 4,41,41630,127.0625666,37.84407578,경기,간짜장,6500.0,20241231,37.84407578,127.0625666,6500.0
지동관,경기도 의정부시 호국로1298번길 78,41,41150,127.0482855,37.73996173,경기,삼선짜장면,7000.0,20241231,37.73996173,127.0482855,7000.0
이천용인닭발본점,경기도 이천시 중리천로21번길 11,41,41500,127.440427,37.28101463,경기,닭발 소,7000.0,20241231,37.28101463,127.440427,7000.0
고복례냉면,경기도 평택시 조개터로1번길 71,41,41220,127.0997261,36.98968557,경기,냉면,9900.0,20241231,36.98968557,127.0997261,9900.0
이화회집,경기도 화성시 매화길 8,41,41450,126.7948905,37.02760096,경기,낙지전골(1인),20000.0,20241231,37.02760096,126.7948905,20000.0
대동할매국수,경상남도 김해시 대동면 동남로45번길 8,48,48250,128.9937554,35.23694292,경남,대동할매국수 보통,4000.0,20241231,35.23694292,128.9937554,4000.0
화정소바,경상남도 의령군 의령읍 의병로18길 9-3,48,48720,128.2605744,35.3189107,경남,온소바,6000.0,20241231,35.3189107,128.2605744,6000.0
중앙집,경상남도 진주시 남강로673번길 6,48,48170,128.0856223,35.19171055,경남,매운탕,8000.0,20241231,35.19171055,128.0856223,8000.0
하동집,경상남도 진주시 중앙시장길 29-5,48,48170,128.0849408,35.19471199,경남,복국,11000.0,20241231,35.19471199,128.0849408,11000.0
이방식당,경상남도 창녕군 이방면 옥야길 1,48,48740,128.382678,35.6016186,경남,수구레국밥,7000.0,20241231,35.6016186,128.382678,7000.0
불로식당,경상남도 창원시 마산합포구 남성로 137,48,48125,128.5765195,35.20532447,경남,한정식,15000.0,20241231,35.20532447,128.5765195,15000.0
화성갈비,경상남도 창원시 마산합포구 오동서7길 36,48,48125,128.5760283,35.20774744,경남,소갈비 270g,23000.0,20241231,35.20774744,128.5760283,23000.0
봉래식당,경상남도 창원시 마산합포구 진동면 사동길 15,48,48125,128.4814995,35.11450263,경남,민물장어구이 (1인분),35000.0,20241231,35.11450263,128.4814995,35000.0
거구장갈비,경상남도 통영시 동충2길 22-3,48,48220,128.4229865,34.84042976,경남,특수부위 100g,35000.0,20241231,34.84042976,128.4229865,35000.0
호동식당,경상남도 통영시 새터길 47,48,48220,128.4192988,34.8416119,경남,복국,12000.0,20241231,34.8416119,128.4192988,12000.0
숙영식당,경상북도 경주시 계림로 60,47,47130,129.2138444,35.8396549,경북,찰보리밥 정식,10000.0,20241231,35.8396549,129.2138444,10000.0
진가네대구갈비,경상북도 경주시 북정로 5,47,47130,129.2151396,35.84144724,경북,돼지갈비찜,10000.0,20241231,35.84144724,129.2151396,10000.0
외바우,경상북도 경주시 안강읍 구부랑3길 12,47,47130,129.1955855,36.00112272,경북,버섯(낙불삼) 철판볶음(매운맛선택),15000.0,20241231,36.00112272,129.1955855,15000.0
경복궁식당,경상북도 김천시 대항면 황학동길 11-8,47,47150,128.016398,36.11478993,경북,특 모듬 한정식,20000.0,20241231,36.11478993,128.016398,20000.0
부일산채식당,경상북도 김천시 황학동길 35-1,47,47150,128.017395,36.11517213,경북,산채한정식,13000.0,20241231,36.11517213,128.017395,13000.0
축산식육식당,경상북도 영주시 번영로173번길 10,47,47210,128.6240193,36.82681906,경북,한우갈비살,25000.0,20241231,36.82681906,128.6240193,25000.0
나드리,경상북도 영주시 중앙로 89,47,47210,128.6248446,36.82336332,경북,쫄면,6000.0,20241231,36.82336332,128.6248446,6000.0
월성,경상북도 포항시 남구 철강로 663,47,47111,129.3988719,35.96388545,경북,바다메기 매운탕(물메기 미역치),10000.0,20241231,35.96388545,129.3988719,10000.0
평남식당,경상북도 포항시 북구 죽도시장3길 9-16,47,47113,129.3654507,36.03584143,경북,한우수육小,35000.0,20241231,36.03584143,129.3654507,35000.0
평남식당,경상북도 포항시 북구 죽도시장3길 9-16,47,47113,129.3654507,36.03584143,경북,곰탕,10000.0,20241231,36.03584143,129.3654507,10000.0
민들레,광주광역시 서구 상무평화로 137,29,29140,126.8532977,35.1499914,광주,크림치즈아인슈페너,6800.0,20241231,35.1499914,126.8532977,6800.0
일본식민물장어 스미센,대구광역시 동구 동부로30길 15,27,27140,128.6290617,35.87564648,대구,문어 나가사키 짬뽕 나베,35000.0,20241231,35.87564648,128.6290617,35000.0
대동강식당,대구광역시광역시 남구 대봉로 57-1,27,27200,128.6039187,35.84388031,대구,냉면,9000.0,20241231,35.84388031,128.6039187,9000.0
정화네하우스,대구광역시광역시 북구 칠성남로 216,27,27230,128.6037912,35.87621945,대구,석쇠 돼지 불고기,5000.0,20241231,35.87621945,128.6037912,5000.0
광명반점,대구광역시광역시 북구 칠성로 70-1,27,27230,128.5968994,35.87911799,대구,옛날 짜장면,5000.0,20241231,35.87911799,128.5968994,5000.0
참깨국수,대구광역시광역시 수성구 무학로31길 55,27,27290,128.6265725,35.83301807,대구,참깨콩국수,7000.0,20241231,35.83301807,128.6265725,7000.0
산호찜갈비,대구광역시광역시 중구 동덕로36길 9-9,27,27110,128.6048718,35.8708757,대구,찜갈비,16000.0,20241231,35.8708757,128.6048718,16000.0
형제돌구이식당,대전광역시광역시 유성구 계룡로52번길 14,30,30200,127.3363797,36.35446271,대전,냉동삼겹살,12000.0,20241231,36.35446271,127.3363797,12000.0
풍년오리박사,부산광역시 금정구 청룡로 40,26,26410,129.0882583,35.27590529,부산,유황 오리 불고기(700g),39000.0,20241231,35.27590529,129.0882583,39000.0
온천입구기장곰장어,부산광역시 동래구 시실로 20,26,26260,129.0859914,35.21690678,부산,갯장어소금구이  양념구이  통구이 대,30000.0,20241231,35.21690678,129.0859914,30000.0
88완당집,부산광역시 해운대구광역시 반송로924번길 3-1,26,26350,129.1548166,35.23253503,부산,완당,5500.0,20241231,35.23253503,129.1548166,5500.0
일송면옥,부산광역시광역시 금정구 부곡로141번길 6,26,26410,129.0918194,35.22870534,부산,밀면(물 / 비빔),6000.0,20241231,35.22870534,129.0918194,6000.0
창녕집,부산광역시광역시 금정구 산성로 520,26,26410,129.0552953,35.24453101,부산,토종 흑염소 숯불구이,35000.0,20241231,35.24453101,129.0552953,35000.0
동래할매파전,부산광역시광역시 동래구 명륜로94번길 43-10,26,26260,129.0837638,35.20466973,부산,동래파전,22000.0,20241231,35.20466973,129.0837638,22000.0
77돌곱창,부산광역시광역시 사상구 괘감로 96-1,26,26530,128.9849238,35.15719355,부산,곱창전골,30000.0,20241231,35.15719355,128.9849238,30000.0
낙원각,부산광역시광역시 사상구 사상로 7,26,26530,128.9988192,35.15072688,부산,짜장면,5000.0,20241231,35.15072688,128.9988192,5000.0
옥미아구찜 망미본점,부산광역시광역시 수영구 망미번영로55번길 35,26,26500,129.1088122,35.17371106,부산,아구찜,30000.0,20241231,35.17371106,129.1088122,30000.0
개미집 본점,부산광역시광역시 중구 중구로30번길 22,26,26110,129.0301169,35.10052926,부산,낙곱새,11000.0,20241231,35.10052926,129.0301169,11000.0
청해진,서울특별시 강동구 강동대로 187,11,11740,127.1274211,37.52481547,서울,산낙지불고기(1인분),13000.0,20241231,37.52481547,127.1274211,13000.0
장군식당,서울특별시 노원구 석계로9길 66,11,11350,127.0610886,37.61583115,서울,숯불족발,32000.0,20241231,37.61583115,127.0610886,32000.0
성천막국수,서울특별시 동대문구 답십리로48나길 2,11,11230,127.0578139,37.56990105,서울,막국수,6500.0,20241231,37.56990105,127.0578139,6500.0
선동 보리밥,서울특별시 성북구 성북로 134-4,11,11290,126.995139,37.59468334,서울,보리밥,9000.0,20241231,37.59468334,126.995139,9000.0
선천집,서울특별시 종로구 인사동14길 5,11,11110,126.9863118,37.57311986,서울,한식,12000.0,20241231,37.57311986,126.9863118,12000.0
명동칼국수,서울특별시 중구 을지로 12,11,11140,126.9786312,37.56562883,서울,명동칼국수,7000.0,20241231,37.56562883,126.9786312,7000.0
동신면가,서울특별시 강동구 올림픽로 803,11,11740,127.1281369,37.5528781,서울,평안냉면 (물 / 비빔),9000.0,20241231,37.5528781,127.1281369,9000.0
대호정,서울특별시 금천구 시흥대로52길 51,11,11545,126.9017543,37.45359918,서울,돼지갈비(1인),11000.0,20241231,37.45359918,126.9017543,11000.0
성천 막국수,서울특별시 동대문구 답십리로48나길 2,11,11230,127.0578139,37.56990105,서울,물 막국수,6500.0,20241231,37.56990105,127.0578139,6500.0
선동 보리밥,서울특별시 성북구 성북로 134-4,11,11290,126.995139,37.59468334,서울,보리밥,9000.0,20241231,37.59468334,126.995139,9000.0
진미옥설렁탕,서울특별시 송파구 가락로16길 3-12 성창빌딩,11,11710,127.1092361,37.50115127,서울,설농탕,9000.0,20241231,37.50115127,127.1092361,9000.0
삼거리먼지막순대국,서울특별시 영등포구 시흥대로185길 11,11,11560,126.9072457,37.49172618,서울,순대국,5000.0,20241231,37.49172618,126.9072457,5000.0
창성옥,서울특별시 용산구 새창로 124-10,11,11170,126.9604141,37.53639737,서울,해장국,7000.0,20241231,37.53639737,126.9604141,7000.0
만석장,서울특별시 은평구 대서문길 43-10,11,11380,126.9495566,37.65584825,서울,목살쌈밥,13000.0,20241231,37.65584825,126.9495566,13000.0
만포면옥본점,서울특별시 은평구 연서로 171 동연빌딩,11,11380,126.9174579,37.61413809,서울,평양냉면,11000.0,20241231,37.61413809,126.9174579,11000.0
신안촌 본점,서울특별시 종로구 사직로12길 8,11,11110,126.970877,37.5756173,서울,낙지 연포탕,15000.0,20241231,37.5756173,126.970877,15000.0
선천,서울특별시 종로구 인사동14길 5,11,11110,126.9863118,37.57311986,서울,한식,12000.0,20241231,37.57311986,126.9863118,12000.0
하나로회관,서울특별시 종로구 인사동5길 25,11,11110,126.9865088,37.57344568,서울,한정식,25000.0,20241231,37.57344568,126.9865088,25000.0
금강섞어찌개명동본점,서울특별시 중구 명동7가길 20-8,11,11140,126.9853245,37.564195,서울,보글보글섞어찌개,9000.0,20241231,37.564195,126.9853245,9000.0
부산복집,서울특별시 중구 수표로2길 25,11,11140,126.9919466,37.5623035,서울,복매운탕,14000.0,20241231,37.5623035,126.9919466,14000.0
을지OB베어,서울특별시 중구 충무로9길 12,11,11140,126.9918207,37.56698663,서울,노가리 1마리당,1000.0,20241231,37.56698663,126.9918207,1000.0
언양한우불고기,울산광역시광역시 울주군 언양읍 헌양길 87-3,31,31710,129.1217837,35.56481219,울산,특미(110g),27000.0,20241231,35.56481219,129.1217837,27000.0
고궁,울산광역시광역시 중구 학성로 95-1,31,31110,129.3213142,35.5555063,울산,정식,11000.0,20241231,35.5555063,129.3213142,11000.0
부영선지국,인천광역시 미추홀구 장천로14번길 20,28,28170,126.6473205,37.45857655,인천,기본선지국,6500.0,20241231,37.45857655,126.6473205,6500.0
알미골,인천광역시 강화군 강화대로 334 알미골식당,28,28710,126.4928883,37.74284168,인천,생등심(국내산한우150g),35000.0,20241231,37.74284168,126.4928883,35000.0
더리미집,인천광역시 강화군 해안동로 1219,28,28110,126.513101,37.72313005,인천,민물장어 1kg (2인분),80000.0,20241231,37.72313005,126.513101,80000.0
삼화정,인천광역시 남동구 남동대로922번길 14,28,28200,126.7090121,37.46459054,인천,꽃등심,39000.0,20241231,37.46459054,126.7090121,39000.0
송원산오리,인천광역시 미추홀구 미추홀대로719번길 28,28,28170,126.6785581,37.4619255,인천,오리코스요리,90000.0,20241231,37.4619255,126.6785581,90000.0
복화루,인천광역시 부평구 부평대로32번길 16,28,28237,126.7239514,37.49430456,인천,짜장면,5500.0,20241231,37.49430456,126.7239514,5500.0
함흥냉면,인천광역시 부평구 시장로20번길 21,28,28237,126.7263152,37.49257029,인천,함흥냉면,7000.0,20241231,37.49257029,126.7263152,7000.0
전동집,인천광역시 연수구 앵고개로103번길 25,28,28185,126.6581121,37.41387257,인천,제육밥상,9000.0,20241231,37.41387257,126.6581121,9000.0
돈비어천가,인천광역시 중구 개항로 53-1,28,28110,126.6285746,37.47256387,인천,왕갈비 300g,18000.0,20241231,37.47256387,126.6285746,18000.0
신동양,인천광역시 중구 서해대로449번길 52,28,28110,126.6316652,37.46715043,인천,짜장면,4000.0,20241231,37.46715043,126.6316652,4000.0
신포순대,인천광역시 중구 제물량로166번길 33,28,28110,126.6262619,37.47153169,인천,순대 (1인분),7000.0,20241231,37.47153169,126.6262619,7000.0
우성식당,전라남도 강진군 강진읍 남문길 2,46,46810,126.7692195,34.6400889,전남,목살1인분(200g,10000.0,20241231,34.6400889,126.7692195,10000.0
해태식당,전라남도 강진군 서성안길 6,46,46810,126.7671886,34.63925042,전남,해태정식(1인),30000.0,20241231,34.63925042,126.7671886,30000.0
대한식당,전라남도 광양시 매일시장길 12-15,46,46230,127.5856503,34.97612047,전남,광양 불고기 국내산(180g),23000.0,20241231,34.97612047,127.5856503,23000.0
신흥장어,전라남도 나주시 다시면 구진포로 58,46,46170,126.6725459,35.00675572,전남,장어구이(소금/양념) 1인분,25000.0,20241231,35.00675572,126.6725459,25000.0
금메달식당,전라남도 목포시 후광대로143번길 8 독도프라자 101호,46,46110,126.4476297,34.81355054,전남,흑산도홍어삼합,125000.0,20241231,34.81355054,126.4476297,125000.0
풍미통닭,전라남도 순천시 성남뒷길 3,46,46150,127.4909335,34.94625732,전남,마늘통닭,18000.0,20241231,34.94625732,127.4909335,18000.0
구백식당,전라남도 여수시 여객선터미널길 18,46,46130,127.7320495,34.73875182,전남,서대회 1인분,12000.0,20241231,34.73875182,127.7320495,12000.0
물망초식당(물망초설렁탕),전라남도 여수시 충무로 54-7,46,46130,127.7316435,34.74156046,전남,설렁탕,8000.0,20241231,34.74156046,127.7316435,8000.0
전주식당,전라남도 함평군 신기산길 22,46,46860,126.5190841,35.06590199,전남,한우 생고기 비빔밥,8000.0,20241231,35.06590199,126.5190841,8000.0
쌍용반점,전라북도 군산시 내항2길 121,45,45130,126.7102247,35.99307096,전북,해물짬뽕,8000.0,20241231,35.99307096,126.7102247,8000.0
운정식당,전라북도 군산시 중정길 8-2,45,45130,126.7142763,35.98472766,전북,녹두삼계탕,15000.0,20241231,35.98472766,126.7142763,15000.0
유락식당,전라북도 군산시 해망로 146-25 유락,45,45130,126.7206057,35.98767534,전북,반지회덮밥,14000.0,20241231,35.98767534,126.7206057,14000.0
할매추어탕,전라북도 남원시 요천로 1467,45,45190,127.3820231,35.40333731,전북,추어탕,9000.0,20241231,35.40333731,127.3820231,9000.0
신촌매운탕,전라북도 남원시 원천로 27-8,45,45190,127.3957358,35.4101497,전북,메기매운탕,30000.0,20241231,35.4101497,127.3957358,30000.0
계화회관,전라북도 부안군 행안면 변산로 95,45,45800,126.7106792,35.72906069,전북,백합죽,10000.0,20241231,35.72906069,126.7106792,10000.0
무진장갈비촌,전라북도 익산시 선화로31길 58,45,45140,126.9560054,35.95056612,전북,무진장한우암소특선모듬 (500g),90000.0,20241231,35.95056612,126.9560054,90000.0
진미식당,전라북도 익산시 황등면 황등리 902-2,45,45140,126.9447102,36.00528095,전북,(특)육회 비빈밥,11000.0,20241231,36.00528095,126.9447102,11000.0
늘채움,전라북도 전주시 덕진구 덕진연못3길 6,45,45113,127.1206387,35.84656263,전북,늘채움정식,19500.0,20241231,35.84656263,127.1206387,19500.0
대일정,전라북도 정읍시 수학정석길 3 대일정,45,45180,126.942973,35.65175987,전북,참게장 정식,20000.0,20241231,35.65175987,126.942973,20000.0
향원복집,제주특별자치도 서귀포시 부두로 43,50,50130,126.5647802,33.24117218,제주,복사시미,120000.0,20241231,33.24117218,126.5647802,120000.0
큰댁,충청남도 천안시 서북구 성정중4길 30,44,44133,127.1362593,36.82674402,충남,큰댁정식,35000.0,20241231,36.82674402,127.1362593,35000.0
동해루,충청남도 홍성군 홍성읍 아문길29번길 48,44,44800,126.6639045,36.60136685,충남,짜장,4000.0,20241231,36.60136685,126.6639045,4000.0
재건갈비,충청북도 청주시 서원구 청남로 2104,44,43110,127.4877995,36.61967532,충북,갈비찜 1인분,12000.0,20241231,36.61967532,127.4877995,12000.0
황산옥,충청남도 논산시 강경읍 금백로 34,44,44230,127.0092821,36.15646781,충남,생복찜,80000.0,20241231,36.15646781,127.0092821,80000.0
마일드치킨,충청남도 서산시 번화1로 41-1,44,44210,126.4539556,36.78271952,충남,후라이드치킨,15000.0,20241231,36.78271952,126.4539556,15000.0
큰마을영양굴밥,충청남도 서산시 부석면 간월도1길 65,44,44210,126.4164478,36.60953879,충남,영양굴밥,12000.0,20241231,36.60953879,126.4164478,12000.0
은정갈비,충청남도 아산시 시민로 384,44,44200,127.0008094,36.78280876,충남,돼지갈비(200g),13000.0,20241231,36.78280876,127.0008094,13000.0
진주회관,충청남도 천안시 서북구 성환읍 성환11길 15,44,44130,127.1296349,36.91694934,충남,진주불고기,13000.0,20241231,36.91694934,127.1296349,13000.0
딴뚝통나무집식당,충청남도 태안군 안면읍 조운막터길 23-22,44,44825,126.3509714,36.5094215,충남,게국지,50000.0,20241231,36.5094215,126.3509714,50000.0
서울식당,충청북도 괴산군 괴산읍 읍내로 283-1,43,43760,127.7940349,36.80869564,충북,올갱이 해장국,7000.0,20241231,36.80869564,127.7940349,7000.0
금강식당,충청북도 단양군 백자1길 11 금강식당,43,43800,128.4840026,37.04271218,충북,금강 정식,18000.0,20241231,37.04271218,128.4840026,18000.0
일미해장국,충청북도 옥천군 금장로 105,43,43730,127.5746088,36.29856667,충북,해제비,6000.0,20241231,36.29856667,127.5746088,6000.0
영빈관,충청북도 음성군 음성읍 읍내리 시장로 115번길 5,43,43770,127.6912335,36.93722274,충북,짜장면,5000.0,20241231,36.93722274,127.6912335,5000.0
노송식당,충청북도 제천시 내토로43길 5,43,43150,128.2131788,37.12817518,충북,가자미 양념구이,8000.0,20241231,37.12817518,128.2131788,8000.0
동원가든,충청북도 제천시 봉양읍 제원로10길 55,43,43150,128.1041157,37.18690934,충북,능이백숙,57000.0,20241231,37.18690934,128.1041157,57000.0
송애집,충청북도 진천군 초평면 초평로 1051-5,43,43750,127.5180389,36.81360226,충북,붕어 찜(대),17000.0,20241231,36.81360226,127.5180389,17000.0
단골집,충청북도 진천군 초평면 초평로 1053,43,43750,127.5176057,36.81318765,충북,붕어찜(대),17000.0,20241231,36.81318765,127.5176057,17000.0
신화당,충청북도 청주시 상당구 대성로22번길 5-1,43,43111,127.4937059,36.62728679,충북,우동,4000.0,20241231,36.62728679,127.4937059,4000.0
남주동해장국,충청북도 청주시 상당구 무심동로304번길 10,43,43111,127.4851814,36.629276,충북,해장국(특),9000.0,20241231,36.629276,127.4851814,9000.0
공원당,충청북도 청주시 상당구 상당로55번길 40-2,43,43111,127.4886146,36.63309657,충북,왕새우까스,12000.0,20241231,36.63309657,127.4886146,12000.0
남들갈비,충청북도 청주시 서원구 청남로2133번길 8,43,43112,127.4875292,36.62287003,충북,돼지갈비 (600g),24000.0,20241231,36.62287003,127.4875292,24000.0
금수장장어구이,충청북도 청주시 서원구 현도면 청남로 16,43,43112,127.4285959,36.45803134,충북,장어구이,27000.0,20241231,36.45803134,127.4285959,27000.0
대동관,충청북도 청주시 청원구 내수로 733,43,43710,127.5362814,36.72686357,충북,자장면,3000.0,20241231,36.72686357,127.5362814,3000.0
리정,충청북도 청주시 청원구 우암로 71-1,43,43710,127.486687,36.65467587,충북,육개장,8000.0,20241231,36.65467587,127.486687,8000.0
삼미족발,충청북도 청주시 청원구 향군로 35,43,43710,127.4863426,36.64886118,충북,미니족발,25000.0,20241231,36.64886118,127.4863426,25000.0
복서울해장국,충청북도 충주시 관아1길 16,43,43130,127.9351081,36.97026545,충북,선지해장국,7000.0,20241231,36.97026545,127.9351081,7000.0
대장군식당,충청북도 충주시 수안보면 미륵송계로 105,43,43130,128.0161694,36.84169303,충북,전통 꿩요리 B코스(2인이상),30000.0,20241231,36.84169303,128.0161694,30000.0
이문 설농탕,서울특별시 종로구 견지동 88,11,11110,126.98389,37.572738,서울,설렁탕,,20241231,37.572738,126.98389,
하얀집,전라남도 나주시 중앙동 48-17,46,46170,126.717027,35.032266,전남,"곰탕,수육",,20241231,35.032266,126.717027,
내호냉면,부산광역시 남구 우암2동 189-571,26,26290,129.070262,35.126713,부산,함흥냉면,,20241231,35.126713,129.070262,
박달집,부산광역시 금정구 금샘로 377,26,26410,129.084256,35.256874,부산,전통개장국,,20241231,35.256874,129.084256,
안일옥,경기도 안성시 영동 25-1,41,41550,127.272828,37.007577,경기,설렁탕,,20241231,37.007577,127.272828,
함양집,울산광역시 남구 삼산로228번길 19,31,31140,129.332848,35.536478,울산,전통비빔밥,,20241231,35.536478,129.332848,
천일식당,전라남도 해남군 해남읍 읍내리 34,46,46820,126.599225,34.570962,전남,떡갈비,,20241231,34.570962,126.599225,
형제 추어탕,서울특별시 종로구 평창동 281-1,11,11110,126.964576,37.603845,서울,추어탕,,20241231,37.603845,126.964576,
천황식당,경상남도 진주시 대안동 4-1,48,48170,128.084434,35.196078,경남,진주비빔밥,,20241231,35.196078,128.084434,
기장곰장어,부산광역시 기장군 기장읍 시랑리 572-4,26,26710,129.211368,35.185326,부산,짚불곰장어,,20241231,35.185326,129.211368,
삼대 광양 불고기집,전라남도 광양시 광양읍 칠성리 959-11,46,46230,127.5788,34.970159,전남,불고기,,20241231,34.970159,127.5788,
황산옥,충청남도 논산시 강경읍 황산리 81-16,44,44230,127.009274,36.156493,충남,생복찜,,20241231,36.156493,127.009274,
신식당,전라남도 담양군 담양읍 담주리 68,46,46710,126.98127,35.321459,전남,떡갈비,,20241231,35.321459,126.98127,
용금옥,서울특별시 중구 다동 165-1,11,11140,126.98054,37.567663,서울,추탕,,20241231,37.567663,126.98054,
은호식당,서울특별시 중구 남창동 50-43,11,11140,126.977013,37.559019,서울,꼬리토막,,20241231,37.559019,126.977013,
곰보추탕,서울특별시 동대문구 용신동 767-6,11,11230,127.026739,37.57874,서울,추탕,,20241231,37.57874,127.026739,
잼배옥,서울특별시 중구 서소문동 64-4,11,11140,126.973728,37.562505,서울,설렁탕,,20241231,37.562505,126.973728,
연춘,충청남도 아산시 득산동 15-1,44,44200,126.976271,36.775717,충남,장어구이,,20241231,36.775717,126.976271,
청진옥,서울특별시 종로구 종로1가 24,11,11110,126.97984,37.570847,서울,해장국,,20241231,37.570847,126.97984,
진주회관,충청남도 천안시 서북구 성환읍 성환리 449-175,44,44133,127.129631,36.916933,충남,불고기,,20241231,36.916933,127.129631,
하동관,서울특별시 중구 명동1가 10-4,11,11140,126.985111,37.564459,서울,곰탕,,20241231,37.564459,126.985111,
한일관(서울),서울특별시 강남구 신사동 619-4,11,11680,127.032492,37.527833,서울,"불고기, 냉면",,20241231,37.527833,127.032492,
동래 할매 파전,부산광역시 동래구 복천동 367-2,26,26260,129.083814,35.204616,부산,동래파전,,20241231,35.204616,129.083814,
영명식당,전라남도 영암군 학산면 독천리 184,46,46830,126.56734,34.724923,전남,갈낙탕,,20241231,34.724923,126.56734,
옥천옥,서울특별시 동대문구 신설동 94-57,11,11230,127.026979,37.57247,서울,설렁탕,,20241231,37.57247,127.026979,
소복식당,충청남도 예산군 예산읍 예산리 210-10,44,44810,126.850225,36.679576,충남,소갈비,,20241231,36.679576,126.850225,
할머니집,경기도 오산시 오산동 432-1,41,41370,127.069127,37.15373,경기,소머리국밥,,20241231,37.15373,127.069127,
전통 경주할매집,경상북도 경주시 황남동 200-2,47,47130,129.215999,35.835816,경북,쌈밥정식,,20241231,35.835816,129.215999,
남성식당,경상남도 창원시 마산합포구 오동동 251-8,48,48125,128.579257,35.20498,경남,복국,,20241231,35.20498,128.579257,
삼백집,전라북도 전주시 완산구 고사동 454-1,45,45111,127.141123,35.817917,전북,콩나물국밥,,20241231,35.817917,127.141123,
평양옥(인천),인천광역시 중구 신흥동 3가 18,28,28110,126.638665,37.463861,인천,해장국,,20241231,37.463861,126.638665,
하연옥,경상남도 진주시 이현동 1191,48,48170,128.060668,35.19392,경남,진주물냉면,,20241231,35.19392,128.060668,
국일 따로국밥,대구광역시 중구 전동 7-1,27,30140,128.593168,35.871113,대구,따로국밥,,20241231,35.871113,128.593168,
송정3대 국밥,부산광역시 부산광역시진구 부전2동 255-15,26,26230,129.075086,35.179843,부산,돼지국밥,,20241231,35.179843,129.075086,
우래옥,서울특별시 중구 주교동 118-1,11,11140,126.998735,37.568198,서울,평양냉면,,20241231,37.568198,126.998735,
할머니 묵집,대전광역시 유성구 봉산동 709-16,30,30200,127.383839,36.446171,대전,묵밥,,20241231,36.446171,127.383839,
부여집,서울특별시 영등포구 당산동 2가 162-13,11,11560,126.89221,37.524294,서울,꼬리곰탕,,20241231,37.524294,126.89221,
강서면옥,서울특별시 중구 서소문동 120-15,11,11140,126.973962,37.562011,서울,평양냉면,,20241231,37.562011,126.973962,
옥돌집,서울특별시 성북구 길음동 1065,11,11290,127.027272,37.606523,서울,불고기,,20241231,37.606523,127.027272,
육거리 곰탕,경상남도 진주시 강남동 119,48,48170,128.086268,35.1858,경남,곰탕,,20241231,35.1858,128.086268,
원조 창평시장 국밥,전라남도 담양군 창평면 창평리 209-8,46,46710,127.01488,35.237963,전남,국밥,,20241231,35.237963,127.01488,
경희식당,충청북도 보은군 속리산면 사내7길 11-4,43,43720,127.821575,36.532407,충북,한정식,,20241231,36.532407,127.821575,
급행장,부산광역시 부산광역시진구 부전1동 259-27,26,26230,129.075086,35.179843,부산,소갈비구이,,20241231,35.179843,129.075086,
명동 할매낙지,서울특별시 중구 명동 2가 31-7,11,11140,126.985109,37.562152,서울,낙지백반,,20241231,37.562152,126.985109,
진주집,서울특별시 중구 남창동 34-31,11,11140,126.97709,37.560029,서울,꼬리곰탕,,20241231,37.560029,126.97709,
포항 할매집,경상북도 영천시 완산동 982-3,47,47230,128.93851,35.963997,경북,곰탕,,20241231,35.963997,128.93851,
강산면옥,대구광역시 중구 교동 62-1,27,30140,128.596332,35.873621,대구,물냉면,,20241231,35.873621,128.596332,
고래고기 원조 할매집,울산광역시 남구 장생포동 335-2,31,31140,129.369616,35.501735,울산,고래수육,,20241231,35.501735,129.369616,
불로식당,경상남도 창원시 마산합포구 동성동 153,48,48125,128.576513,35.205327,경남,한정식,,20241231,35.205327,128.576513,
천안곰탕,부산광역시 중구 광복동 1가 5-14,26,26110,129.034576,35.099314,부산,곰탕,,20241231,35.099314,129.034576,
평양옥(대전),대전광역시 서구 만년동 314,30,30170,127.380772,36.368739,대전,영양탕,,20241231,36.368739,127.380772,
호동식당,경상남도 통영시 서호동 117-102,48,48220,128.418777,34.843646,경남,복국,,20241231,34.843646,128.418777,
국일식당,전라남도 보성군 벌교읍 벌교리 641,46,46780,127.343359,34.844001,전남,꼬막정식,,20241231,34.844001,127.343359,
문화옥,서울특별시 중구 주교동 118-3,11,11140,126.998475,37.568132,서울,설렁탕,,20241231,37.568132,126.998475,
옥천냉면,경기도 양평군 옥천면 옥천리 884-12,41,41830,127.449725,37.510844,경기,냉면,,20241231,37.510844,127.449725,
이학식당,충청남도 공주시 중동 147-58,44,44150,127.124123,36.45493,충남,따로국밥,,20241231,36.45493,127.124123,
평양냉면,충청남도 천안시 동남구 사직동 168-9,44,44130,127.149659,36.802036,충남,냉면,,20241231,36.802036,127.149659,
한국집,전라북도 전주시 완산구 전동 2-1,45,45111,127.148243,35.816417,전북,육회비빔밥,,20241231,35.816417,127.148243,
다신식당,강원도 속초시 청호동 838,42,42210,128.593823,38.202848,강원,가리국밥,,20241231,38.202848,128.593823,
연남서식당,서울특별시 마포구 노고산동 109-69,11,11440,126.935324,37.553704,서울,소갈비,,20241231,37.553704,126.935324,
옛집식당,대구광역시 중구 시장북로 120-2,27,30140,128.581747,35.872052,대구,육개장,,20241231,35.872052,128.581747,
우리옥,인천광역시 강화군 강화읍 신문리 184,28,28110,126.483796,37.746083,인천,백반,,20241231,37.746083,126.483796,
원산면옥,부산광역시 중구 창선동 1가 37,26,26110,129.03089,35.099237,부산,냉면,,20241231,35.099237,129.03089,
하동복집,경상남도 진주시 대안동 8-170,48,48170,128.08496,35.194708,경남,복국,,20241231,35.194708,128.08496,
한일관(전북),전라북도 완산구 중화산동 2가 4-34,45,45111,127.128002,35.817633,전북,"한정식, 전주비빔밥",,20241231,35.817633,127.128002,
고성회관,강원도 속초시 중앙동 481-1,42,42210,128.590886,38.202529,강원,오징어순대,,20241231,38.202529,128.590886,
남들갈비,충청북도 청주 흥덕구 모충동 120-15,43,43113,127.487519,36.622832,충북,돼지갈비,,20241231,36.622832,127.487519,
소문난3대 할매김밥집,경상남도 통영시 서호동 177-360,48,48220,128.421135,34.84078,경남,충무김밥,,20241231,34.84078,128.421135,
새진주식당,부산광역시 중구 보수동 1가 77-6,26,26110,129.024883,35.104769,부산,비빔밥,,20241231,35.104769,129.024883,
시내식당,전라남도 광양시 광양읍 칠성리 964-1,46,46230,127.579549,34.969323,전남,광양불고기,,20241231,34.969323,127.579549,
옥산 장날 순대,충청북도 청원군 옥산면 오산리 211-26,43,43710,127.373258,36.665462,충북,순대국밥,,20241231,36.665462,127.373258,
경주 원조콩국,경상북도 경주시 황남동 142-2,47,47130,129.214722,35.833396,경북,콩국수,,20241231,35.833396,129.214722,
대들보 함흥면옥,대전광역시 중구 유천1동 311-13,30,30140,127.395204,36.319731,대전,냉면,,20241231,36.319731,127.395204,
마포 진짜원조 최대포,서울특별시 마포구 공덕동 255-5,11,11440,126.952066,37.544546,서울,돼지갈비,,20241231,37.544546,126.952066,
송월관,경기도 동두천시 생연2동 683-24,41,41250,127.054941,37.900875,경기,떡갈비,,20241231,37.900875,127.054941,
양산도집,부산광역시 사상구 감전동 516,26,26530,128.969744,35.130768,부산,민물장어구이,,20241231,35.130768,128.969744,
열차집,서울특별시 종로구 공평동 130-1,11,11110,126.982783,37.57171,서울,빈대떡,,20241231,37.57171,126.982783,
목리 장어센터,전라남도 강진군 강진읍 목리 31-1,46,46810,126.780689,34.633847,전남,장어구이,,20241231,34.633847,126.780689,
삼거리 먼지막 순대국,서울특별시 영등포구 대림1동 963-9,11,11560,126.907221,37.491744,서울,순대국,,20241231,37.491744,126.907221,
상주식당,대구광역시 중구 동성로 2가 54-1,27,30140,128.595975,35.870387,대구,추어탕,,20241231,35.870387,128.595975,
가선식당,충청북도 영동군 양산면 가선리 139-6,43,43740,127.601058,36.124848,충북,어죽,,20241231,36.124848,127.601058,
리정식당,충청북도 청주시 상당구 내덕동 297-12,43,43111,127.486683,36.654497,충북,육개장,,20241231,36.654497,127.486683,
백번집,전라북도 전주시 완산구 다가동 1가 44-7,45,45111,127.141947,35.815363,전북,한정식,,20241231,35.815363,127.141947,
오장동 함흥냉면,서울특별시 중구 오장동 90-10,11,11140,126.999908,37.564288,서울,냉면,,20241231,37.564288,126.999908,
완도횟집,전라남도 강진군 마량면 마량리 미항로 169,46,46810,126.820477,34.449132,전남,생선회,,20241231,34.449132,126.820477,
태조 감자국,서울특별시 성북구 동소문동 5가 73-2,11,11290,127.015954,37.592148,서울,감자국,,20241231,37.592148,127.015954,
구포집,부산광역시 중구 부평동 3가 36-8,26,26110,129.024641,35.101228,부산,회비빔밥,,20241231,35.101228,129.024641,
새집 추어탕,전라북도 남원시 천거동 160-206,45,45190,127.375319,35.400295,전북,추어숙회,,20241231,35.400295,127.375319,
전주 중앙회관,서울특별시 중구 충무로1가 24-11,11,11140,126.983764,37.561177,서울,곱돌비빕밥,,20241231,37.561177,126.983764,
고려삼계탕,서울특별시 중구 서소문동 55-3,11,11140,126.972907,37.563002,서울,삼계탕,,20241231,37.563002,126.972907,
두암식당,전라남도 무안군 몽탄면 사창리 697-2,46,46840,126.518854,34.96539,전남,짚불구이,,20241231,34.96539,126.518854,
함흥 곰보냉면,서울특별시 종로구 인의동 112-14 세운스퀘어 401호,11,11110,126.997025,37.571598,서울,냉면,,20241231,37.571598,126.997025,
명월집,인천광역시 중구 중앙동3가 46,28,28110,126.622783,37.471858,인천,백반,,20241231,37.471858,126.622783,
역전회관,서울특별시 마포구 염리동 173-21,11,11440,126.946997,37.542942,서울,바싹불고기,,20241231,37.542942,126.946997,
진주회관,서울특별시 중구 서소문동 120-35,11,11140,126.974488,37.562385,서울,콩국수,,20241231,37.562385,126.974488,
편대장 영화식당,경상북도 영천시 금노동 582-15,47,47230,128.928169,35.960428,경북,육회,,20241231,35.960428,128.928169,
덕인관,전라남도 담양군 담양읍 담주리 85-2,46,46710,126.981714,35.321165,전남,떡갈비,,20241231,35.321165,126.981714,
진짜초가집 원조아구찜,경상남도 마산시 오동동 151-5,48,48125,128.578247,35.206689,경남,아구찜,,20241231,35.206689,128.578247,
버들식당,대구광역시 달서구 성당1동 118-1,27,27290,128.566814,35.847977,대구,곱창 전골,,20241231,35.847977,128.566814,
청화집,충청남도 천안시 동남구 병천면 병천리 167-6,44,44130,127.299264,36.762342,충남,순대,,20241231,36.762342,127.299264,
안동회관,경상북도 안동시 태사길 71(옥정동) 1층 안동회관,47,47170,128.7351029,36.5665807,경남,불고기,24000.0,20241231,36.5665807,128.7351029,24000.0
동원손칼국수,대전광역시 서구 청사서로54번길 11,30,30170,127.3773454,36.3627336,대전,칼국수,7000.0,20241231,36.3627336,127.3773454,7000.0
전주우족설렁탕,전라북도 군산시 대학로 88(금광동) 전라북도 군산시 개정면 금강로 470-1,45,45130,126.7714677,35.9833458,전북,우족탕,14000.0,20241231,35.9833458,126.7714677,14000.0
명동닭한마리 본점,서울특별시 종로구 종로40가길 14(종로5가),11,11110,127.0058656,37.5703116,서울,닭한만리,25000.0,20241231,37.5703116,127.0058656,25000.0
은혜반찬2,대전광역시 대덕구 중리로64번길 16(중리동),30,30230,127.4260669,36.3647169,대전,반찬전문점,10000.0,20241231,36.3647169,127.4260669,10000.0
진미집,전라북도 전주시 완산구 전주천동로 94,45,45111,127.1504296,35.8111707,전북,소바,10000.0,20241231,35.8111707,127.1504296,10000.0
금일옥,전라북도 전주시 완산구 전주객사3길 11-6,45,45111,127.1420399,35.8177582,전북,생선탕,12000.0,20241231,35.8177582,127.1420399,12000.0
매봉,대전광역시 대덕구 계족로664번길 113(법동),30,30230,127.4352139,36.3701824,대전,두부전골,27000.0,20241231,36.3701824,127.4352139,27000.0
자연산형제횟집,대전광역시 대덕구 중리로76번길 22,30,30230,127.4263896,36.3656846,대전,모듬회,38000.0,20241231,36.3656846,127.4263896,38000.0
오륙하우스,경기도 동두천시 상패로 210-9(보산동),41,41250,127.055548,37.9171733,경기,경양식,40000.0,20241231,37.9171733,127.055548,40000.0
한일가든,"경기도 고양시 덕양구 행주로 77 (행주내동, 한일가든)전체",41,41280,126.8241779,37.6053329,경기,갈비,60000.0,20241231,37.6053329,126.8241779,60000.0
호수식당,경기도 동두천시 중앙로 312 (생연동)1층,41,41250,127.0551144,37.9091041,경기,부대찌개,9000.0,20241231,37.9091041,127.0551144,9000.0
이천용인닭발본점(구.용인닭발),경기도 이천시 중리천로21번길 10-11,41,41500,127.4406106,37.2810926,경기,닭발,15000.0,20241231,37.2810926,127.4406106,15000.0
털보아구탕,"경기도 안산시 단원구 원초로 34 (원곡동, 남양상가)",41,41270,126.8020246,37.3278334,경기,아구탕,35000.0,20241231,37.3278334,126.8020246,35000.0
홍능갈비,"경기도 고양시 덕양구 삼송로 158 (삼송동,1층)",41,41280,126.8915046,37.652654,경기,돼지갈비,14000.0,20241231,37.652654,126.8915046,14000.0
두꺼비집,경기도 안산시 단원구 원고잔로 15 (고잔동),41,41270,126.8274502,37.3188595,경기,부대찌개,18000.0,20241231,37.3188595,126.8274502,18000.0
마포설렁탕,경기도 수원시 팔달구 인계로101번길 11(인계동),41,41115,127.0289436,37.268668,경기,설렁탕,13000.0,20241231,37.268668,127.0289436,13000.0
